2026-07-27 02:46:07,robot2,robot1,0.0011,"robot1,robot3",robot2
2026-07-27 03:38:35,robot2,robot1,0.4773,"robot1,robot3",robot2
2026-07-27 04:21:05,robot2,robot1,0.0017,"robot1,robot3",robot2

2026-07-27 05:27:20,robot3,robot2,0.0028,"robot1,robot2",robot3
2026-07-27 06:38:47,robot3,robot2,0.0021,"robot1,robot2",robot3
2026-07-27 07:00:01,robot3,robot2,0.0058,"robot1,robot2",robot3


2026-07-27 15:31:01,robot2,robot3,0.0034,"robot1,robot3",robot2
2026-07-27 16:58:38,robot2,robot1,0.0022,"robot1,robot3",robot2
2026-07-27 17:25:52,robot2,robot1,0.0013,"robot1,robot3",robot2

2026-07-27 18:02:17,robot2,robot3,0.0010,"robot1,robot3",robot2
2026-07-27 18:41:15,robot2,robot3,0.0012,"robot1,robot3",robot2
2026-07-27 19:11:48,robot2,robot1,0.0009,"robot1,robot3",robot2

2026-07-27 19:54:45,robot2,robot3,0.0016,"robot1,robot3",robot2
2026-07-27 20:34:59,robot2,robot3,0.2155,"robot1,robot3",robot2
2026-07-27 20:53:56,robot2,robot3,0.0040,"robot1,robot3",robot2
